{
    "version": 1,
    "models": {
        "UserSettings": {
            "name": "UserSettings",
            "fields": {
                "id": {
                    "name": "id",
                    "isArray": false,
                    "type": "ID",
                    "isRequired": true,
                    "attributes": []
                },
                "userId": {
                    "name": "userId",
                    "isArray": false,
                    "type": "ID",
                    "isRequired": true,
                    "attributes": []
                },
                "defaultReminderMinutes": {
                    "name": "defaultReminderMinutes",
                    "isArray": false,
                    "type": "Int",
                    "isRequired": false,
                    "attributes": []
                },
                "timezone": {
                    "name": "timezone",
                    "isArray": false,
                    "type": "String",
                    "isRequired": false,
                    "attributes": []
                },
                "createdAt": {
                    "name": "createdAt",
                    "isArray": false,
                    "type": "AWSDateTime",
                    "isRequired": false,
                    "attributes": [],
                    "isReadOnly": true
                },
                "updatedAt": {
                    "name": "updatedAt",
                    "isArray": false,
                    "type": "AWSDateTime",
                    "isRequired": false,
                    "attributes": [],
                    "isReadOnly": true
                }
            },
            "syncable": true,
            "pluralName": "UserSettings",
            "attributes": [
                {
                    "type": "model",
                    "properties": {}
                },
                {
                    "type": "auth",
                    "properties": {
                        "rules": [
                            {
                                "provider": "userPools",
                                "ownerField": "owner",
                                "allow": "owner",
                                "identityClaim": "sub",
                                "operations": [
                                    "create",
                                    "update",
                                    "delete",
                                    "read"
                                ]
                            }
                        ]
                    }
                }
            ],
            "primaryKeyInfo": {
                "isCustomPrimaryKey": false,
                "primaryKeyFieldName": "id",
                "sortKeyFieldNames": []
            }
        },
        "TodoList": {
            "name": "TodoList",
            "fields": {
                "id": {
                    "name": "id",
                    "isArray": false,
                    "type": "ID",
                    "isRequired": true,
                    "attributes": []
                },
                "name": {
                    "name": "name",
                    "isArray": false,
                    "type": "String",
                    "isRequired": true,
                    "attributes": []
                },
                "description": {
                    "name": "description",
                    "isArray": false,
                    "type": "String",
                    "isRequired": false,
                    "attributes": []
                },
                "groupId": {
                    "name": "groupId",
                    "isArray": false,
                    "type": "ID",
                    "isRequired": false,
                    "attributes": []
                },
                "group": {
                    "name": "group",
                    "isArray": false,
                    "type": {
                        "model": "ListGroup"
                    },
                    "isRequired": false,
                    "attributes": [],
                    "association": {
                        "connectionType": "BELONGS_TO",
                        "targetNames": [
                            "groupId"
                        ]
                    }
                },
                "todos": {
                    "name": "todos",
                    "isArray": true,
                    "type": {
                        "model": "TodoItem"
                    },
                    "isRequired": false,
                    "attributes": [],
                    "isArrayNullable": true,
                    "association": {
                        "connectionType": "HAS_MANY",
                        "associatedWith": [
                            "listId"
                        ]
                    }
                },
                "createdAt": {
                    "name": "createdAt",
                    "isArray": false,
                    "type": "AWSDateTime",
                    "isRequired": false,
                    "attributes": [],
                    "isReadOnly": true
                },
                "updatedAt": {
                    "name": "updatedAt",
                    "isArray": false,
                    "type": "AWSDateTime",
                    "isRequired": false,
                    "attributes": [],
                    "isReadOnly": true
                }
            },
            "syncable": true,
            "pluralName": "TodoLists",
            "attributes": [
                {
                    "type": "model",
                    "properties": {}
                },
                {
                    "type": "key",
                    "properties": {
                        "name": "byGroup",
                        "queryField": "listTodoListByGroupIdAndName",
                        "fields": [
                            "groupId",
                            "name"
                        ]
                    }
                },
                {
                    "type": "auth",
                    "properties": {
                        "rules": [
                            {
                                "provider": "userPools",
                                "ownerField": "owner",
                                "allow": "owner",
                                "identityClaim": "sub",
                                "operations": [
                                    "create",
                                    "update",
                                    "delete",
                                    "read"
                                ]
                            }
                        ]
                    }
                }
            ],
            "primaryKeyInfo": {
                "isCustomPrimaryKey": false,
                "primaryKeyFieldName": "id",
                "sortKeyFieldNames": []
            }
        },
        "TodoItem": {
            "name": "TodoItem",
            "fields": {
                "id": {
                    "name": "id",
                    "isArray": false,
                    "type": "ID",
                    "isRequired": true,
                    "attributes": []
                },
                "title": {
                    "name": "title",
                    "isArray": false,
                    "type": "String",
                    "isRequired": true,
                    "attributes": []
                },
                "description": {
                    "name": "description",
                    "isArray": false,
                    "type": "String",
                    "isRequired": false,
                    "attributes": []
                },
                "status": {
                    "name": "status",
                    "isArray": false,
                    "type": {
                        "enum": "TodoItemStatus"
                    },
                    "isRequired": false,
                    "attributes": []
                },
                "dueDate": {
                    "name": "dueDate",
                    "isArray": false,
                    "type": "AWSDateTime",
                    "isRequired": false,
                    "attributes": []
                },
                "completedAt": {
                    "name": "completedAt",
                    "isArray": false,
                    "type": "AWSDateTime",
                    "isRequired": false,
                    "attributes": []
                },
                "tags": {
                    "name": "tags",
                    "isArray": true,
                    "type": "String",
                    "isRequired": false,
                    "attributes": [],
                    "isArrayNullable": true
                },
                "reminderMinutes": {
                    "name": "reminderMinutes",
                    "isArray": false,
                    "type": "Int",
                    "isRequired": false,
                    "attributes": []
                },
                "reminderSent": {
                    "name": "reminderSent",
                    "isArray": false,
                    "type": "Boolean",
                    "isRequired": false,
                    "attributes": []
                },
                "listId": {
                    "name": "listId",
                    "isArray": false,
                    "type": "ID",
                    "isRequired": true,
                    "attributes": []
                },
                "list": {
                    "name": "list",
                    "isArray": false,
                    "type": {
                        "model": "TodoList"
                    },
                    "isRequired": false,
                    "attributes": [],
                    "association": {
                        "connectionType": "BELONGS_TO",
                        "targetNames": [
                            "listId"
                        ]
                    }
                },
                "createdAt": {
                    "name": "createdAt",
                    "isArray": false,
                    "type": "AWSDateTime",
                    "isRequired": false,
                    "attributes": [],
                    "isReadOnly": true
                },
                "updatedAt": {
                    "name": "updatedAt",
                    "isArray": false,
                    "type": "AWSDateTime",
                    "isRequired": false,
                    "attributes": [],
                    "isReadOnly": true
                }
            },
            "syncable": true,
            "pluralName": "TodoItems",
            "attributes": [
                {
                    "type": "model",
                    "properties": {}
                },
                {
                    "type": "key",
                    "properties": {
                        "name": "byStatus",
                        "queryField": "listTodoItemByStatusAndDueDate",
                        "fields": [
                            "status",
                            "dueDate"
                        ]
                    }
                },
                {
                    "type": "key",
                    "properties": {
                        "name": "byList",
                        "queryField": "listTodoItemByListIdAndDueDate",
                        "fields": [
                            "listId",
                            "dueDate"
                        ]
                    }
                },
                {
                    "type": "auth",
                    "properties": {
                        "rules": [
                            {
                                "provider": "userPools",
                                "ownerField": "owner",
                                "allow": "owner",
                                "identityClaim": "sub",
                                "operations": [
                                    "create",
                                    "update",
                                    "delete",
                                    "read"
                                ]
                            }
                        ]
                    }
                }
            ],
            "primaryKeyInfo": {
                "isCustomPrimaryKey": false,
                "primaryKeyFieldName": "id",
                "sortKeyFieldNames": []
            }
        },
        "ListGroup": {
            "name": "ListGroup",
            "fields": {
                "id": {
                    "name": "id",
                    "isArray": false,
                    "type": "ID",
                    "isRequired": true,
                    "attributes": []
                },
                "name": {
                    "name": "name",
                    "isArray": false,
                    "type": "String",
                    "isRequired": true,
                    "attributes": []
                },
                "description": {
                    "name": "description",
                    "isArray": false,
                    "type": "String",
                    "isRequired": false,
                    "attributes": []
                },
                "memberIds": {
                    "name": "memberIds",
                    "isArray": true,
                    "type": "String",
                    "isRequired": false,
                    "attributes": [],
                    "isArrayNullable": true
                },
                "lists": {
                    "name": "lists",
                    "isArray": true,
                    "type": {
                        "model": "TodoList"
                    },
                    "isRequired": false,
                    "attributes": [],
                    "isArrayNullable": true,
                    "association": {
                        "connectionType": "HAS_MANY",
                        "associatedWith": [
                            "groupId"
                        ]
                    }
                },
                "createdAt": {
                    "name": "createdAt",
                    "isArray": false,
                    "type": "AWSDateTime",
                    "isRequired": false,
                    "attributes": [],
                    "isReadOnly": true
                },
                "updatedAt": {
                    "name": "updatedAt",
                    "isArray": false,
                    "type": "AWSDateTime",
                    "isRequired": false,
                    "attributes": [],
                    "isReadOnly": true
                }
            },
            "syncable": true,
            "pluralName": "ListGroups",
            "attributes": [
                {
                    "type": "model",
                    "properties": {}
                },
                {
                    "type": "auth",
                    "properties": {
                        "rules": [
                            {
                                "provider": "userPools",
                                "ownerField": "owner",
                                "allow": "owner",
                                "identityClaim": "sub",
                                "operations": [
                                    "create",
                                    "update",
                                    "delete",
                                    "read"
                                ]
                            }
                        ]
                    }
                }
            ],
            "primaryKeyInfo": {
                "isCustomPrimaryKey": false,
                "primaryKeyFieldName": "id",
                "sortKeyFieldNames": []
            }
        },
        "GroupInvitation": {
            "name": "GroupInvitation",
            "fields": {
                "id": {
                    "name": "id",
                    "isArray": false,
                    "type": "ID",
                    "isRequired": true,
                    "attributes": []
                },
                "groupId": {
                    "name": "groupId",
                    "isArray": false,
                    "type": "ID",
                    "isRequired": true,
                    "attributes": []
                },
                "groupName": {
                    "name": "groupName",
                    "isArray": false,
                    "type": "String",
                    "isRequired": true,
                    "attributes": []
                },
                "invitedEmail": {
                    "name": "invitedEmail",
                    "isArray": false,
                    "type": "String",
                    "isRequired": true,
                    "attributes": []
                },
                "invitedUserId": {
                    "name": "invitedUserId",
                    "isArray": false,
                    "type": "ID",
                    "isRequired": false,
                    "attributes": []
                },
                "status": {
                    "name": "status",
                    "isArray": false,
                    "type": {
                        "enum": "GroupInvitationStatus"
                    },
                    "isRequired": false,
                    "attributes": []
                },
                "invitedBy": {
                    "name": "invitedBy",
                    "isArray": false,
                    "type": "ID",
                    "isRequired": true,
                    "attributes": []
                },
                "createdAt": {
                    "name": "createdAt",
                    "isArray": false,
                    "type": "AWSDateTime",
                    "isRequired": false,
                    "attributes": [],
                    "isReadOnly": true
                },
                "updatedAt": {
                    "name": "updatedAt",
                    "isArray": false,
                    "type": "AWSDateTime",
                    "isRequired": false,
                    "attributes": [],
                    "isReadOnly": true
                }
            },
            "syncable": true,
            "pluralName": "GroupInvitations",
            "attributes": [
                {
                    "type": "model",
                    "properties": {}
                },
                {
                    "type": "key",
                    "properties": {
                        "name": "byGroup",
                        "queryField": "listGroupInvitationByGroupId",
                        "fields": [
                            "groupId"
                        ]
                    }
                },
                {
                    "type": "key",
                    "properties": {
                        "name": "byEmail",
                        "queryField": "listGroupInvitationByInvitedEmail",
                        "fields": [
                            "invitedEmail"
                        ]
                    }
                },
                {
                    "type": "auth",
                    "properties": {
                        "rules": [
                            {
                                "provider": "userPools",
                                "ownerField": "owner",
                                "allow": "owner",
                                "identityClaim": "sub",
                                "operations": [
                                    "create",
                                    "update",
                                    "delete",
                                    "read"
                                ]
                            }
                        ]
                    }
                }
            ],
            "primaryKeyInfo": {
                "isCustomPrimaryKey": false,
                "primaryKeyFieldName": "id",
                "sortKeyFieldNames": []
            }
        }
    },
    "enums": {
        "TodoItemStatus": {
            "name": "TodoItemStatus",
            "values": [
                "PENDING",
                "IN_PROGRESS",
                "COMPLETE"
            ]
        },
        "GroupInvitationStatus": {
            "name": "GroupInvitationStatus",
            "values": [
                "PENDING",
                "ACCEPTED",
                "DECLINED"
            ]
        }
    },
    "nonModels": {}
}